Category,Question,Answer,Keywords
โภชนาการ,"กินโปรตีนเยอะจะทำให้ไตพังไหม?","สำหรับคนสุขภาพปกติ การกินโปรตีนในปริมาณเหมาะสมไม่ทำให้ไตพัง งานวิจัยส่วนใหญ่ยืนยันว่าปลอดภัย แต่ถ้ามีโรคไตควรปรึกษาแพทย์ก่อน","โปรตีน,ไต,กินเยอะ,โภชนาการ"
การสร้างกล้ามเนื้อ,"ผู้หญิงยกเวทแล้วจะตัวใหญ่เหมือนผู้ชายไหม?","ไม่ง่ายเลย เพราะฮอร์โมนเทสโทสเตอโรนของผู้หญิงต่ำกว่า ผู้หญิงส่วนใหญ่จะได้หุ่นกระชับ ไม่ได้ใหญ่แบบผู้ชาย","ผู้หญิง,เวท,กล้ามใหญ่,ฮอร์โมน"
การลดไขมัน,"ซิทอัพช่วยลดพุงได้จริงไหม?","ซิทอัพช่วยสร้างกล้ามท้อง แต่ไม่ได้เผาผลาญไขมันเฉพาะจุด ต้องคุมอาหารและออกกำลังกายรวมทั้งตัว","ลดพุง,ซิทอัพ,ไขมัน,หน้าท้อง"
โภชนาการ,"กินตอนกลางคืนทำให้อ้วนจริงไหม?","ไม่ได้ขึ้นอยู่กับเวลา แต่ขึ้นกับแคลอรี่รวมทั้งวัน ถ้ากินเกินก็อ้วนได้ไม่ว่าจะเวลาไหน","กินดึก,อ้วน,แคลอรี่,เวลา"
การลดไขมัน,"คาร์ดิโออย่างเดียวพอไหมสำหรับลดไขมัน?","คาร์ดิโอช่วยเผาผลาญ แต่การมีเวทเทรนนิ่งจะช่วยรักษากล้ามเนื้อ ทำให้เผาผลาญดีขึ้นในระยะยาว","คาร์ดิโอ,ลดไขมัน,เวท,เผาผลาญ"
โภชนาการ,"งดคาร์โบไฮเดรตจะลดน้ำหนักได้เร็วไหม?","อาจลดเร็วช่วงแรกเพราะน้ำลด แต่ระยะยาวอาจทำให้พลังงานต่ำและควบคุมยาก ควรเลือกคาร์บดีและกินให้พอดี","คาร์บ,ลดน้ำหนัก,low carb"
การสร้างกล้ามเนื้อ,"ยกหนักอย่างเดียวถึงจะสร้างกล้ามได้ไหม?","ไม่จำเป็น กล้ามเนื้อสร้างได้จากหลายช่วงน้ำหนัก ขอแค่มี progressive overload และฟอร์มถูกต้อง","ยกหนัก,กล้ามเนื้อ,progressive overload"
อาการบาดเจ็บ,"ปวดกล้ามเนื้อแปลว่าออกกำลังกายดีใช่ไหม?","ไม่เสมอไป อาการปวด (DOMS) เป็นเรื่องปกติ แต่ไม่ใช่ตัวชี้วัดว่าฝึกได้ผลเสมอ","DOMS,ปวดกล้ามเนื้อ,ฟิตเนส"
การลดไขมัน,"เหงื่อออกเยอะ = เผาผลาญไขมันเยอะจริงไหม?","เหงื่อคือการระบายความร้อน ไม่ได้บอกว่าเผาผลาญไขมันมากแค่ไหน","เหงื่อ,เผาผลาญ,ไขมัน"
โภชนาการ,"ต้องกินทุก 2-3 ชั่วโมงจริงไหม?","ไม่จำเป็น สำคัญคือปริมาณอาหารรวมทั้งวันและความสม่ำเสมอของการกิน","กินบ่อย,มื้ออาหาร,โภชนาการ"
การสร้างกล้ามเนื้อ,"ไม่กินเวย์โปรตีนจะสร้างกล้ามไม่ได้ใช่ไหม?","เวย์เป็นแค่ตัวช่วย ถ้าได้โปรตีนจากอาหารปกติเพียงพอก็สร้างกล้ามได้","เวย์,โปรตีน,อาหารเสริม"
การลดไขมัน,"เล่นหน้าท้องทุกวันจะลดไขมันหน้าท้องได้ไหม?","ไม่ได้ลดเฉพาะจุด ต้องลดไขมันทั้งร่างกายผ่านอาหารและการออกกำลังกายรวม","หน้าท้อง,ลดไขมัน,spot reduction"
โภชนาการ,"ไขมันทำให้อ้วนเสมอไหม?","ไขมันมีแคลอรี่สูง แต่ไม่ใช่ตัวร้าย ถ้ากินในปริมาณเหมาะสมก็เป็นส่วนสำคัญของร่างกาย","ไขมัน,โภชนาการ,แคลอรี่"
การสร้างกล้ามเนื้อ,"ออกกำลังกายทุกวันดีกว่าไหม?","ร่างกายต้องการพักเพื่อฟื้นตัว การพักเป็นส่วนสำคัญของการพัฒนา","พักผ่อน,overtraining,ฟื้นตัว"
อาการบาดเจ็บ,"ถ้าปวดควรฝืนเล่นต่อไหม?","ถ้าเป็นแค่ล้าเล่นเบาได้ แต่ถ้าเจ็บแปลบหรือผิดปกติควรหยุดและพัก","บาดเจ็บ,ปวด,ฝึกต่อ"
การลดไขมัน,"ดื่มน้ำเยอะช่วยลดน้ำหนักไหม?","ช่วยควบคุมความหิวและระบบเผาผลาญ แต่ไม่ใช่ปัจจัยหลัก ต้องคุมแคลอรี่ด้วย","น้ำ,ลดน้ำหนัก,หิว"
โภชนาการ,"อาหารคลีนกินเท่าไหร่ก็ไม่อ้วนจริงไหม?","ไม่จริง ถึงจะคลีนแต่ถ้าแคลอรี่เกินก็อ้วนได้","อาหารคลีน,แคลอรี่"
การสร้างกล้ามเนื้อ,"ทำซ้ำเยอะๆจะทำให้กล้ามใหญ่ไหม?","ช่วงครั้งที่ต่างกันให้ผลต่างกัน แต่ต้องมีความท้าทายเพียงพอ","reps,กล้ามเนื้อ"
การลดไขมัน,"งดมื้อเย็นช่วยลดน้ำหนักไหม?","ช่วยลดแคลอรี่ได้ แต่ถ้าหิวมากอาจหลุดกินเยอะในมื้ออื่น","งดมื้อเย็น,ลดน้ำหนัก"
โภชนาการ,"น้ำตาลทำให้อ้วนเสมอไหม?","น้ำตาลให้พลังงานสูง แต่การอ้วนขึ้นอยู่กับแคลอรี่รวม","น้ำตาล,แคลอรี่"
การสร้างกล้ามเนื้อ,"ต้องเล่นท่าเดิมตลอดไหม?","ควรมีการปรับโปรแกรมเพื่อกระตุ้นกล้ามเนื้อและลดความจำเจ","โปรแกรม,เวท"
อาการบาดเจ็บ,"ยืดก่อนเล่นช่วยลดบาดเจ็บไหม?","ควรวอร์มอัพแบบ dynamic ก่อน และยืดแบบ static หลังออกกำลังกาย","วอร์มอัพ,stretch"
การลดไขมัน,"คีโตไดเอตดีที่สุดไหม?","อาจเหมาะกับบางคน แต่ไม่ใช่สำหรับทุกคน สำคัญคือทำได้ต่อเนื่อง","คีโต,ไดเอต"
โภชนาการ,"ต้องเลี่ยงของทอดทั้งหมดไหม?","ไม่จำเป็น แค่ควบคุมปริมาณและความถี่","ของทอด,โภชนาการ"
การสร้างกล้ามเนื้อ,"เล่นเวททำให้ตัวเตี้ยไหม?","ไม่จริง งานวิจัยบอกว่าไม่กระทบความสูงถ้าฝึกถูกวิธี","เวท,ความสูง"
การลดไขมัน,"เครื่องชั่งน้ำหนักบอกผลได้ดีที่สุดไหม?","น้ำหนักเป็นแค่ตัวหนึ่ง ควรดูสัดส่วนและกระจกด้วย","น้ำหนัก,body composition"
โภชนาการ,"ดื่มโปรตีนหลังออกกำลังกายทันทีจำเป็นไหม?","มีช่วง anabolic window แต่ไม่จำเป็นต้องรีบทันที แค่กินภายในวันก็พอ","โปรตีน,post workout"
การสร้างกล้ามเนื้อ,"เล่นเบาๆไม่มีประโยชน์จริงไหม?","มีประโยชน์ โดยเฉพาะสำหรับมือใหม่หรือวัน recovery","light weight,training"
อาการบาดเจ็บ,"เสียงลั่นในข้ออันตรายไหม?","ถ้าไม่มีอาการเจ็บร่วมมักไม่อันตราย แต่ถ้าเจ็บควรตรวจ","ข้อ,เสียงลั่น"
การลดไขมัน,"ซาวน่าช่วยลดไขมันไหม?","ลดแค่น้ำชั่วคราว ไม่ได้ลดไขมันจริง","ซาวน่า,ลดน้ำหนัก"